,image,targets,predictions,probabilities
0,NORMAL2-IM-1305-0001.jpeg,0,0,"tensor([ 2.8547,  1.1570, -7.6288])"
1,00000523_000.png,0,0,"tensor([ 7.1488, -1.4631, -9.4188])"
2,person1170_bacteria_3117.jpeg,1,1,"tensor([-2.1214,  5.2433, -7.9559])"
3,person33_bacteria_175.jpeg,1,1,"tensor([ 0.2686,  2.9059, -6.5595])"
4,person24_bacteria_111.jpeg,1,1,"tensor([-6.6252,  7.6363, -6.0170])"
5,person443_virus_908.jpeg,1,1,"tensor([-3.6252,  2.3729, -0.8090])"
6,person173_bacteria_830.jpeg,1,1,"tensor([-6.6783,  8.0258, -6.6773])"
7,IM-0315-0001.jpeg,0,0,"tensor([ 4.5207, -0.1842, -7.8632])"
8,IM-0424-0001.jpeg,0,0,"tensor([ 7.0852, -2.2183, -9.5620])"
9,person605_bacteria_2465.jpeg,1,1,"tensor([-5.2792,  7.0902, -6.7292])"
10,person1308_bacteria_3288.jpeg,1,1,"tensor([-2.2144,  6.0976, -8.5346])"
11,person1272_bacteria_3232.jpeg,1,1,"tensor([-0.1243,  4.1160, -8.0011])"
12,person353_bacteria_1626.jpeg,1,1,"tensor([-4.2840,  5.3963, -4.8028])"
13,person55_virus_110.jpeg,1,1,"tensor([-4.3794,  7.4063, -8.0097])"
14,IM-0592-0001.jpeg,0,0,"tensor([  7.8346,  -1.8974, -10.6426])"
15,person711_virus_1309.jpeg,1,1,"tensor([-5.0649,  7.0278, -6.6573])"
16,person396_bacteria_1796.jpeg,1,1,"tensor([-1.2337,  5.3299, -8.3980])"
17,IM-0485-0001.jpeg,0,0,"tensor([  7.6474,  -1.5923, -11.1330])"
18,person1031_virus_1723.jpeg,1,1,"tensor([ 1.3700,  3.1653, -8.4939])"
19,person1270_bacteria_3230.jpeg,1,1,"tensor([-1.8125,  4.4105, -6.3375])"
20,person990_bacteria_2917.jpeg,1,1,"tensor([-3.9572,  6.5440, -7.5634])"
21,IM-0517-0001-0001.jpeg,0,0,"tensor([ 6.4245, -1.9883, -7.9875])"
22,person325_virus_660.jpeg,1,1,"tensor([-2.8996,  5.6149, -6.7682])"
23,person1240_bacteria_3196.jpeg,1,1,"tensor([-4.0838,  6.0856, -6.5017])"
24,CR.1.2.840.113564.192168196.2020040610405214785.1203801020003.png,2,2,"tensor([-14.8085,  -1.6056,  17.7124])"
25,person401_virus_795.jpeg,1,1,"tensor([-6.0409,  8.6068, -8.0366])"
26,person1298_bacteria_3261.jpeg,1,1,"tensor([-2.2532,  5.5203, -7.6023])"
27,person528_virus_1049.jpeg,1,1,"tensor([-4.0692,  6.2361, -6.4716])"
28,NORMAL2-IM-0569-0001.jpeg,0,0,"tensor([ 3.8177,  0.0098, -7.2243])"
29,IM-0382-0001.jpeg,0,0,"tensor([  8.9333,  -2.2592, -12.3317])"
30,person348_virus_723.jpeg,1,1,"tensor([-7.6047,  7.8187, -5.4444])"
31,person24_bacteria_110.jpeg,1,1,"tensor([-5.2446,  8.6015, -9.0775])"
32,IM-0423-0001.jpeg,0,0,"tensor([ 10.8258,  -4.1263, -12.4021])"
33,IM-0375-0001.jpeg,0,0,"tensor([ 8.9084, -3.8234, -9.7130])"
34,person1099_bacteria_3040.jpeg,1,1,"tensor([ -3.1871,   7.7581, -10.3146])"
35,person598_virus_1151.jpeg,1,1,"tensor([-2.8996,  4.9269, -6.1466])"
36,NORMAL2-IM-1285-0001.jpeg,0,0,"tensor([ 10.8453,  -5.0939, -10.4812])"
37,person1273_virus_2191.jpeg,1,1,"tensor([  0.5961,   4.9859, -10.7626])"
38,NORMAL2-IM-1124-0001.jpeg,0,0,"tensor([  7.8727,  -2.0753, -10.3375])"
39,person1418_bacteria_3637.jpeg,1,1,"tensor([-0.0962,  3.9802, -8.2768])"
40,person2_bacteria_3.jpeg,1,1,"tensor([-10.7350,   6.4970,   0.1259])"
41,person1476_bacteria_3843.jpeg,1,1,"tensor([-3.3060,  4.4747, -4.0602])"
42,person1310_bacteria_3304.jpeg,1,1,"tensor([-5.6982,  8.3033, -7.9644])"
43,person1295_bacteria_3258.jpeg,1,1,"tensor([-5.0246,  5.8170, -4.5653])"
44,person328_bacteria_1514.jpeg,1,1,"tensor([-7.2283,  8.0995, -6.1803])"
45,person1463_bacteria_3809.jpeg,1,1,"tensor([-8.7484,  9.1991, -6.1134])"
46,person1257_bacteria_3215.jpeg,1,1,"tensor([-2.4173,  5.4003, -7.3510])"
47,person831_bacteria_2742.jpeg,1,1,"tensor([-7.5951,  8.2889, -5.5424])"
48,person157_virus_311.jpeg,1,1,"tensor([-3.3770,  6.2257, -7.2461])"
49,person647_bacteria_2539.jpeg,1,1,"tensor([-5.9366,  7.9248, -7.7749])"
50,person1469_bacteria_3827.jpeg,1,1,"tensor([-4.1712,  5.4188, -4.7102])"
51,person448_bacteria_1935.jpeg,1,1,"tensor([-5.4072,  6.8684, -6.0919])"
52,person162_virus_321.jpeg,1,1,"tensor([-1.5504,  4.2385, -7.0707])"
53,NORMAL2-IM-0693-0001.jpeg,0,0,"tensor([ 7.0653, -1.8690, -9.1681])"
54,person630_bacteria_2514.jpeg,1,1,"tensor([-3.0249,  7.5583, -9.8325])"
55,person96_bacteria_464.jpeg,1,1,"tensor([-3.4640,  6.6249, -7.6143])"
56,person1288_virus_2211.jpeg,1,1,"tensor([-3.3263,  5.7552, -7.4755])"
57,person461_virus_949.jpeg,1,1,"tensor([-5.3116,  8.0899, -8.4630])"
58,NORMAL2-IM-1423-0001.jpeg,0,0,"tensor([ 2.8152,  1.5971, -8.3163])"
59,person472_bacteria_2015.jpeg,1,1,"tensor([-3.7979,  5.8152, -6.8830])"
60,covid-19-pneumonia-rapidly-progressive-3-days.jpg,2,2,"tensor([-4.3736, -1.4432,  5.5985])"
61,NORMAL2-IM-1096-0001-0001.jpeg,0,0,"tensor([  8.3942,  -2.7788, -10.4186])"
62,person336_bacteria_1553.jpeg,1,1,"tensor([-5.1804,  5.2373, -3.5051])"
63,person1231_bacteria_3186.jpeg,1,1,"tensor([-6.4801,  7.7971, -6.3409])"
64,ryct.2020200034.fig5-day4.jpeg,2,2,"tensor([-1.7574, -3.3380,  5.2909])"
65,person934_bacteria_2859.jpeg,1,1,"tensor([-2.6779,  5.9179, -7.7016])"
66,person20_bacteria_70.jpeg,1,1,"tensor([-6.1596,  8.1380, -7.1809])"
67,NORMAL2-IM-1227-0001.jpeg,0,0,"tensor([ 5.4198, -1.1309, -7.8169])"
68,person1483_bacteria_3876.jpeg,1,1,"tensor([-6.5531,  7.2828, -5.1927])"
69,person433_bacteria_1875.jpeg,1,1,"tensor([-4.1836,  7.7321, -9.0022])"
70,person1400_bacteria_3550.jpeg,1,1,"tensor([-4.4155,  6.2753, -5.9565])"
71,person75_bacteria_366.jpeg,1,1,"tensor([-4.7706,  8.4356, -9.4701])"
72,person110_virus_208.jpeg,1,1,"tensor([-3.4832,  5.7963, -6.2342])"
73,person553_virus_1093.jpeg,1,1,"tensor([-5.3671,  8.7195, -8.5763])"
74,person942_virus_1611.jpeg,1,1,"tensor([-8.1994,  6.5733, -2.7152])"
75,person1180_bacteria_3128.jpeg,1,1,"tensor([-4.8806,  6.6943, -6.8671])"
76,person1433_bacteria_3705.jpeg,1,1,"tensor([-0.7951,  3.9762, -6.9853])"
77,person723_virus_1342.jpeg,1,1,"tensor([-1.4861,  4.0146, -6.3315])"
78,IM-0001-0001.jpeg,0,0,"tensor([ 6.1378, -1.7509, -7.7379])"
79,person750_bacteria_2653.jpeg,1,1,"tensor([-6.0391,  8.6464, -8.5243])"
80,person139_bacteria_662.jpeg,1,1,"tensor([-11.4835,  10.0240,  -3.6757])"
81,DX.1.2.840.113564.1722810162.20200327135950280950.1203801020003.png,2,2,"tensor([-12.3360,  -4.7749,  18.2294])"
82,NORMAL2-IM-1145-0001.jpeg,0,0,"tensor([ 6.0836, -1.2175, -8.8325])"
83,person1186_virus_2022.jpeg,1,1,"tensor([-5.5983,  6.8503, -6.3295])"
84,NORMAL2-IM-0932-0001.jpeg,0,0,"tensor([ 5.5769, -0.7648, -8.8538])"
85,IM-0430-0001.jpeg,0,0,"tensor([ 3.3203,  0.9968, -8.0880])"
86,person507_bacteria_2140.jpeg,1,1,"tensor([-3.4690,  6.3207, -7.5385])"
87,NORMAL2-IM-0419-0001.jpeg,0,0,"tensor([ 5.1252, -0.2261, -8.4750])"
88,person262_bacteria_1226.jpeg,1,1,"tensor([  1.0502,   4.9000, -10.7631])"
89,person834_bacteria_2747.jpeg,1,1,"tensor([-4.9455,  8.8307, -9.8599])"
90,00000214_000.png,0,0,"tensor([ 6.5859, -3.7430, -4.5538])"
91,person1492_virus_2599.jpeg,1,1,"tensor([-4.2290,  5.7975, -5.7954])"
92,person625_bacteria_2499.jpeg,1,1,"tensor([-3.8009,  5.3854, -6.1611])"
93,IM-0441-0001.jpeg,0,0,"tensor([  7.6593,  -1.7267, -11.0413])"
94,NORMAL2-IM-1131-0001.jpeg,0,0,"tensor([ 5.3244, -0.7256, -8.7909])"
95,IM-0545-0001.jpeg,0,0,"tensor([ 6.0394, -0.8624, -9.5831])"
96,person1344_bacteria_3421.jpeg,1,1,"tensor([-1.8360,  4.2000, -6.2521])"
97,person756_bacteria_2660.jpeg,1,1,"tensor([-4.1855,  6.7356, -7.2624])"
98,NORMAL2-IM-1086-0001.jpeg,0,0,"tensor([ 3.6448,  0.5336, -7.7269])"
99,NORMAL2-IM-0846-0001.jpeg,0,0,"tensor([ 5.4441, -1.2809, -7.6128])"
100,person598_virus_1153.jpeg,1,1,"tensor([-3.7099,  4.2358, -4.3361])"
101,person369_virus_750.jpeg,1,1,"tensor([-7.2442,  9.7000, -8.2391])"
102,person487_bacteria_2060.jpeg,1,1,"tensor([-1.6374,  5.2668, -7.8557])"
103,NORMAL2-IM-1222-0001.jpeg,0,0,"tensor([  7.9904,  -2.3847, -10.1968])"
104,person1439_bacteria_3722.jpeg,1,1,"tensor([-2.0842,  3.7959, -6.2568])"
105,IM-0312-0001.jpeg,0,0,"tensor([ 5.1985, -0.4827, -8.9794])"
106,person462_virus_951.jpeg,1,1,"tensor([-2.4062,  4.8662, -6.9756])"
107,person919_bacteria_2844.jpeg,1,1,"tensor([-1.7978,  4.8044, -6.9114])"
108,NORMAL2-IM-0502-0001.jpeg,0,0,"tensor([ 3.5826, -0.1608, -6.6003])"
109,person1327_bacteria_3373.jpeg,1,1,"tensor([-5.4745,  7.5246, -6.6202])"
110,person465_bacteria_1977.jpeg,1,1,"tensor([-4.4226,  5.9217, -5.3091])"
111,person544_virus_1075.jpeg,1,1,"tensor([-5.9087,  6.9290, -5.2390])"
112,person1398_bacteria_3548.jpeg,1,1,"tensor([-0.8042,  3.3893, -6.0650])"
113,person612_virus_1179.jpeg,1,1,"tensor([-3.2860,  6.1879, -7.6994])"
114,NORMAL2-IM-0599-0001.jpeg,0,0,"tensor([ 6.1552, -2.2015, -7.2053])"
115,person422_virus_868.jpeg,1,1,"tensor([-1.5283,  4.8944, -7.5757])"
116,IM-0086-0001.jpeg,0,0,"tensor([ 1.6019, -0.0342, -4.3632])"
117,person83_bacteria_409.jpeg,1,1,"tensor([-6.0623,  8.4544, -7.8936])"
118,IM-0168-0001.jpeg,0,0,"tensor([  8.6810,  -2.5477, -11.3965])"
119,person893_bacteria_2818.jpeg,1,1,"tensor([-2.5377,  4.3417, -5.4479])"
120,CR.1.2.840.113564.1722810170.20200313090023421700.1003000225002.png,2,0,"tensor([ 2.7252, -4.4562,  2.0511])"
121,person1149_bacteria_3094.jpeg,1,1,"tensor([-4.3571,  6.0602, -5.9153])"
122,NORMAL2-IM-0898-0001.jpeg,0,0,"tensor([ 6.6212, -1.5256, -9.3236])"
123,person528_bacteria_2227.jpeg,1,1,"tensor([-4.9398,  3.4270, -0.9529])"
124,ryct.2020200028.fig1a.jpeg,2,2,"tensor([-2.9839, -2.5514,  5.8379])"
125,person717_bacteria_2618.jpeg,1,1,"tensor([-4.8355,  7.2957, -7.8194])"
126,5CBC2E94-D358-401E-8928-965CCD965C5C.jpeg,2,0,"tensor([ 3.2450, -3.6923,  0.1756])"
127,58cb9263f16e94305c730685358e4e_jumbo.jpeg,2,2,"tensor([ 0.8457, -3.8284,  3.5067])"
128,person1099_virus_1819.jpeg,1,1,"tensor([  2.3741,   4.6633, -12.7351])"
129,person302_virus_623.jpeg,1,1,"tensor([-0.2990,  4.5326, -7.9933])"
130,NORMAL2-IM-0961-0001.jpeg,0,0,"tensor([ 6.0003, -1.8428, -7.7499])"
131,person255_bacteria_1188.jpeg,1,1,"tensor([-2.8764,  5.7914, -7.1545])"
132,00000097_000.png,0,1,"tensor([-0.3797,  0.8628, -2.0503])"
133,person351_bacteria_1621.jpeg,1,1,"tensor([-4.2223,  6.6967, -7.5201])"
134,person964_virus_1637.jpeg,1,1,"tensor([-3.1386,  4.7121, -5.1273])"
135,NORMAL2-IM-1232-0001.jpeg,0,1,"tensor([ 0.0497,  3.6746, -7.4949])"
136,person1174_virus_1980.jpeg,1,1,"tensor([ 1.6448,  3.6315, -9.3767])"
137,NORMAL2-IM-1310-0001.jpeg,0,0,"tensor([  7.1820,  -1.7206, -10.4023])"
138,person509_bacteria_2145.jpeg,1,1,"tensor([-1.6063,  5.2108, -7.6582])"
139,00000047_003.png,1,1,"tensor([-1.0279,  2.3965, -3.2976])"
140,person392_bacteria_1786.jpeg,1,1,"tensor([-4.8806,  7.4170, -7.9341])"
141,person124_virus_240.jpeg,1,1,"tensor([-5.5428,  7.8787, -7.1229])"
142,person469_bacteria_1992.jpeg,1,1,"tensor([-5.1604,  7.6587, -7.9754])"
143,person33_bacteria_172.jpeg,1,1,"tensor([-4.5494,  7.2920, -7.6444])"
144,person5_bacteria_17.jpeg,1,1,"tensor([-7.3425,  9.7890, -8.5471])"
145,IM-0278-0001.jpeg,0,0,"tensor([  8.5892,  -2.6504, -10.7074])"
146,DX.1.2.840.113564.1722810162.20200324173713500510.1203801020003.png,2,2,"tensor([-8.2158, -3.4021, 12.1267])"
147,NORMAL2-IM-0667-0001.jpeg,0,0,"tensor([ 7.4210, -3.7244, -7.0489])"
148,person316_bacteria_1470.jpeg,1,1,"tensor([ 0.9637,  3.9336, -9.7235])"
149,person596_bacteria_2446.jpeg,1,1,"tensor([-3.1260,  4.7334, -5.1667])"
150,NORMAL2-IM-1045-0001.jpeg,0,0,"tensor([ 5.8171, -1.9860, -7.5481])"
151,CR.1.2.840.113564.1722810170.20200329163846250860.1003000225002.png,2,2,"tensor([-3.1401, -0.1904,  2.2656])"
152,person1176_virus_1996.jpeg,1,1,"tensor([-5.4650,  6.7926, -5.7280])"
153,person500_bacteria_2108.jpeg,1,1,"tensor([-7.8805,  8.6566, -5.9705])"
154,person393_bacteria_1789.jpeg,1,1,"tensor([-3.3421,  5.7715, -7.0874])"
155,person656_virus_1238.jpeg,1,1,"tensor([-3.1477,  7.4939, -9.3191])"
156,IM-0214-0001.jpeg,0,0,"tensor([ 6.6581, -2.1097, -8.1607])"
157,person382_bacteria_1742.jpeg,1,1,"tensor([-2.2180,  6.0554, -7.9787])"
158,NORMAL2-IM-0652-0001.jpeg,0,0,"tensor([  7.9747,  -2.3254, -10.2719])"
159,person1156_virus_1935.jpeg,1,1,"tensor([-2.3703,  4.6346, -5.5789])"
160,NORMAL2-IM-0493-0001.jpeg,0,0,"tensor([  8.6284,  -2.7898, -10.8751])"
161,person956_virus_1628.jpeg,1,1,"tensor([-8.9512,  7.7035, -3.5474])"
162,IM-0427-0001.jpeg,0,0,"tensor([  8.2781,  -2.2081, -11.0753])"
163,person1320_bacteria_3344.jpeg,1,1,"tensor([-2.8297,  6.1816, -8.2350])"
164,person1461_virus_2510.jpeg,1,0,"tensor([ 1.7703,  1.3388, -5.8122])"
165,person23_virus_56.jpeg,1,1,"tensor([-8.9433,  9.1732, -5.8518])"
166,person387_virus_772.jpeg,1,1,"tensor([-1.8348,  6.0380, -8.7878])"
167,person305_bacteria_1437.jpeg,1,1,"tensor([-2.9973,  5.6257, -7.3913])"
168,IM-0455-0001.jpeg,0,0,"tensor([ 6.8927, -2.3307, -8.3547])"
169,person72_bacteria_352.jpeg,1,1,"tensor([-5.6994,  7.6645, -6.7593])"
170,person619_bacteria_2490.jpeg,1,1,"tensor([-0.3033,  5.3635, -9.1923])"
171,person1212_bacteria_3164.jpeg,1,1,"tensor([-4.7831,  7.3910, -7.8311])"
172,person23_bacteria_92.jpeg,1,1,"tensor([-3.4975,  7.1070, -8.7912])"
173,person596_bacteria_2447.jpeg,1,1,"tensor([-4.1464,  7.6881, -8.9907])"
174,NORMAL2-IM-1236-0001.jpeg,0,0,"tensor([ 5.3945, -2.2292, -6.2868])"
175,person405_virus_805.jpeg,1,1,"tensor([-7.6397,  6.5182, -2.9687])"
176,person441_bacteria_1903.jpeg,1,1,"tensor([-2.9419,  5.1952, -6.5694])"
177,NORMAL2-IM-0736-0001.jpeg,0,1,"tensor([ 1.2124,  3.1601, -8.2953])"
178,person1481_bacteria_3863.jpeg,1,1,"tensor([-4.6775,  7.2873, -7.1893])"
179,person608_bacteria_2472.jpeg,1,1,"tensor([-4.6714,  6.7912, -6.5768])"
180,NORMAL2-IM-1059-0001.jpeg,0,0,"tensor([ 4.1090,  0.1856, -7.7696])"
181,DX.1.2.840.113564.1722810162.20200417024634079600.1203801020003.png,2,2,"tensor([-15.2665,  -1.7732,  18.5515])"
182,IM-0316-0001.jpeg,0,0,"tensor([ 5.8589, -2.3313, -6.8950])"
183,IM-0503-0001.jpeg,0,0,"tensor([ 4.3642,  0.3642, -8.5624])"
184,IM-0448-0001.jpeg,0,0,"tensor([ 5.4179, -1.4854, -7.3049])"
185,person77_virus_139.jpeg,1,1,"tensor([-4.3802,  6.2800, -6.4164])"
186,person171_bacteria_826.jpeg,1,1,"tensor([-5.0971,  7.5283, -7.4747])"
187,person1253_virus_2129.jpeg,1,1,"tensor([-4.3436,  5.5278, -5.4999])"
188,person26_bacteria_132.jpeg,1,1,"tensor([-3.5223,  4.7109, -4.6187])"
189,DX.1.2.840.113564.1722810162.202004141559081673.1203801020003.png,2,2,"tensor([-5.3326, -2.5916,  8.5917])"
190,person277_bacteria_1300.jpeg,1,1,"tensor([-5.2959,  7.6634, -7.6572])"
191,person296_bacteria_1396.jpeg,1,1,"tensor([-7.3442,  9.5660, -7.9935])"
192,NORMAL2-IM-0520-0001.jpeg,0,0,"tensor([  6.5696,  -0.9726, -10.1002])"
193,person764_bacteria_2668.jpeg,1,1,"tensor([-2.8374,  7.1612, -9.6646])"
194,person300_virus_621.jpeg,1,1,"tensor([ 1.8195,  2.6452, -8.0533])"
195,person1372_bacteria_3500.jpeg,1,1,"tensor([-4.2950,  5.8308, -5.5065])"
196,person23_bacteria_82.jpeg,1,1,"tensor([-1.8657,  5.2243, -7.9652])"
197,NORMAL2-IM-1243-0001.jpeg,0,0,"tensor([ 7.1015, -2.8850, -7.5625])"
198,person1403_bacteria_3557.jpeg,1,1,"tensor([-3.6113,  5.9242, -6.7736])"
199,person762_virus_1390.jpeg,1,1,"tensor([-2.7934,  4.7578, -6.0770])"
200,NORMAL2-IM-1301-0001.jpeg,0,0,"tensor([  5.7397,   0.3943, -11.2052])"
201,person448_bacteria_1934.jpeg,1,1,"tensor([-5.5994,  8.8514, -8.9227])"
202,person1274_bacteria_3235.jpeg,1,1,"tensor([-5.5221,  6.2441, -4.8714])"
203,person1096_bacteria_3037.jpeg,1,1,"tensor([-4.8753,  7.5008, -7.9465])"
204,person724_virus_1343.jpeg,1,1,"tensor([-3.7061,  5.9252, -6.8629])"
205,person1109_bacteria_3050.jpeg,1,1,"tensor([-3.8261,  5.2520, -5.0056])"
206,person311_bacteria_1452.jpeg,1,1,"tensor([-4.3669,  4.7650, -4.3677])"
207,person435_bacteria_1879.jpeg,1,1,"tensor([-6.0705,  8.2870, -7.4963])"
208,NORMAL2-IM-0931-0001.jpeg,0,0,"tensor([ 3.9019, -0.7010, -6.0047])"
209,person266_bacteria_1245.jpeg,1,1,"tensor([-4.5835,  7.4770, -8.5579])"
210,person326_virus_670.jpeg,1,1,"tensor([-3.4250,  5.4750, -6.0122])"
211,person525_virus_1046.jpeg,1,1,"tensor([-6.4837,  6.6459, -4.5042])"
212,person394_bacteria_1791.jpeg,1,1,"tensor([-3.1456,  4.5259, -4.9356])"
213,DX.1.2.840.113564.1722810162.20200403113227763540.1203801020003.png,2,2,"tensor([-3.1758, -3.8422,  7.7830])"
214,person1202_virus_2045.jpeg,1,1,"tensor([-4.5124,  3.9971, -2.2577])"
215,person438_virus_889.jpeg,1,1,"tensor([-1.3520,  5.1735, -7.5240])"
216,person1424_bacteria_3651.jpeg,1,1,"tensor([-3.4633,  6.6935, -7.9032])"
217,IM-0593-0001.jpeg,0,0,"tensor([ 5.5876, -0.5662, -9.2488])"
218,person361_bacteria_1651.jpeg,1,1,"tensor([-2.0335,  5.7861, -8.3699])"
219,NORMAL2-IM-0594-0001.jpeg,0,0,"tensor([  9.5911,  -3.3214, -11.1919])"
220,person1100_virus_1820.jpeg,1,1,"tensor([-6.3527,  3.9279, -0.1639])"
221,person543_bacteria_2284.jpeg,1,1,"tensor([-3.9104,  6.8177, -7.6191])"
222,person692_bacteria_2589.jpeg,1,1,"tensor([-6.4191,  6.6932, -5.2086])"
223,00000521_000.png,0,0,"tensor([ 0.9651, -0.8289, -1.6506])"
224,DX.1.2.840.113564.1722810162.20200322024635362290.1203801020003.png,2,2,"tensor([ 0.3941, -1.6599,  1.0618])"
225,person440_bacteria_1898.jpeg,1,1,"tensor([-5.1829,  7.9516, -8.6820])"
226,NORMAL2-IM-1351-0001.jpeg,0,0,"tensor([  8.5660,  -2.9966, -10.1588])"
227,person103_bacteria_488.jpeg,1,1,"tensor([-7.3548,  9.9893, -8.6141])"
228,person276_virus_569.jpeg,1,1,"tensor([-4.6384,  2.3485,  0.5920])"
229,person348_virus_719.jpeg,1,1,"tensor([-9.2990,  7.6866, -3.0485])"
230,person281_bacteria_1325.jpeg,1,1,"tensor([-5.8553,  7.8113, -7.4007])"
231,person1438_bacteria_3721.jpeg,1,1,"tensor([-0.3867,  4.6765, -8.6237])"
232,person1345_virus_2321.jpeg,1,1,"tensor([-1.0558,  3.1664, -5.7716])"
233,5A78BCA9-5B7A-440D-8A4E-AE7710EA6EAD.jpeg,2,2,"tensor([-0.6600, -3.1079,  4.1978])"
234,person342_virus_702.jpeg,1,1,"tensor([-0.2337,  5.2444, -9.5581])"
235,person480_virus_981.jpeg,1,1,"tensor([ 0.2045,  4.0725, -8.5867])"
236,NORMAL2-IM-0744-0001.jpeg,0,0,"tensor([ 5.3038, -0.0251, -9.6435])"
237,IM-0588-0001.jpeg,0,0,"tensor([ 6.3848, -2.6468, -6.9225])"
238,person325_bacteria_1502.jpeg,1,1,"tensor([-4.1330,  6.3509, -6.1904])"
239,NORMAL2-IM-1144-0001.jpeg,0,0,"tensor([ 10.5521,  -3.5966, -12.7359])"
240,person486_bacteria_2053.jpeg,1,1,"tensor([-0.1590,  4.2281, -8.1633])"
241,DX.1.2.840.113564.1722810162.20200321204028829980.1203801020003.png,2,2,"tensor([ 0.8289, -5.0894,  5.0311])"
242,NORMAL2-IM-0871-0001.jpeg,0,0,"tensor([ 7.9838, -2.7161, -9.5745])"
243,NORMAL2-IM-0977-0001.jpeg,0,0,"tensor([ 4.6830, -0.8905, -7.1708])"
244,person996_bacteria_2924.jpeg,1,1,"tensor([-0.8460,  4.0331, -6.6496])"
245,NORMAL2-IM-1224-0001.jpeg,0,0,"tensor([  9.4189,  -3.0739, -11.6481])"
246,NORMAL2-IM-0820-0001.jpeg,0,0,"tensor([  8.0366,  -1.5546, -11.5611])"
247,person873_bacteria_2796.jpeg,1,1,"tensor([-2.9841,  6.0445, -8.0333])"
248,IM-0439-0001-0001.jpeg,0,0,"tensor([  7.7562,  -1.9460, -10.4232])"
249,person629_bacteria_2508.jpeg,1,1,"tensor([-2.9656,  6.6501, -8.9607])"
250,person1056_bacteria_2990.jpeg,1,1,"tensor([-4.4342,  6.5637, -6.8098])"
251,NORMAL2-IM-0832-0001-0002.jpeg,0,0,"tensor([ 6.6190, -2.7350, -7.3863])"
252,person1_virus_6.jpeg,1,1,"tensor([-3.8104,  7.1293, -7.9681])"
253,NORMAL2-IM-0429-0001.jpeg,0,0,"tensor([  5.4149,   0.0830, -10.1082])"
254,person848_bacteria_2769.jpeg,1,1,"tensor([-4.3325,  4.8979, -3.9447])"
255,person147_bacteria_707.jpeg,1,1,"tensor([-3.6244,  6.0579, -7.0820])"
256,person1158_bacteria_3103.jpeg,1,1,"tensor([ 0.1774,  3.7537, -7.4669])"
257,00000455_000.png,0,0,"tensor([ 3.1612, -2.9110, -1.1322])"
258,person1012_bacteria_2943.jpeg,1,1,"tensor([-5.8993,  7.9762, -7.4302])"
259,person971_bacteria_2896.jpeg,1,1,"tensor([-4.8276,  8.4481, -9.2155])"
260,person1140_bacteria_3083.jpeg,1,1,"tensor([-3.6631,  6.1576, -6.2902])"
261,person332_virus_685.jpeg,1,1,"tensor([-8.5038,  6.5996, -2.5250])"
262,person795_virus_1427.jpeg,1,1,"tensor([-2.8898,  2.8469, -2.6541])"
263,person501_virus_1010.jpeg,1,1,"tensor([-2.5909,  6.0661, -7.5855])"
264,person1234_bacteria_3190.jpeg,1,1,"tensor([-6.3113,  7.1454, -5.8892])"
265,NORMAL2-IM-1164-0001.jpeg,0,0,"tensor([ 5.3800, -1.3652, -7.6845])"
266,person338_virus_694.jpeg,1,1,"tensor([-2.6287,  2.3541, -1.2828])"
267,person279_virus_576.jpeg,1,0,"tensor([  4.3770,   1.1434, -10.0435])"
268,NORMAL2-IM-1154-0001-0001.jpeg,0,0,"tensor([ 7.0805, -1.7950, -9.6308])"
269,person608_bacteria_2471.jpeg,1,1,"tensor([-3.2189,  6.0136, -7.2946])"
270,NORMAL2-IM-1118-0001.jpeg,0,0,"tensor([ 3.6786, -0.2728, -7.0987])"
271,covid-19-pneumonia-rapidly-progressive-12-hours.jpg,2,2,"tensor([-3.9385, -1.7960,  5.7053])"
272,NORMAL2-IM-0882-0001.jpeg,0,0,"tensor([  7.6726,  -2.0655, -10.2178])"
273,person544_virus_1079.jpeg,1,1,"tensor([-4.7625,  5.8120, -5.6046])"
274,NORMAL2-IM-0414-0001.jpeg,0,0,"tensor([ 6.9587, -2.0545, -8.7964])"
275,person1320_bacteria_3348.jpeg,1,1,"tensor([-3.2442,  5.3053, -5.7916])"
276,person658_virus_1241.jpeg,1,1,"tensor([-3.8599,  4.7841, -4.4504])"
277,person669_virus_1255.jpeg,1,1,"tensor([-4.2730,  5.3763, -4.7531])"
278,NORMAL2-IM-0827-0001.jpeg,0,0,"tensor([ 4.8706, -1.3413, -6.9426])"
279,person346_virus_708.jpeg,1,1,"tensor([-10.0135,   8.4286,  -3.2005])"
280,person520_bacteria_2205.jpeg,1,1,"tensor([-3.2323,  6.3750, -7.3159])"
281,person1201_bacteria_3151.jpeg,1,1,"tensor([-3.9163,  5.0787, -4.5953])"
282,person258_bacteria_1210.jpeg,1,1,"tensor([-7.9747,  8.3486, -5.3394])"
283,person22_bacteria_74.jpeg,1,1,"tensor([-4.8878,  6.3335, -6.1207])"
284,person318_bacteria_1474.jpeg,1,1,"tensor([-2.1441,  5.8564, -7.8680])"
285,person527_virus_1048.jpeg,1,1,"tensor([-7.7019,  8.2760, -5.8620])"
286,person1420_bacteria_3647.jpeg,1,1,"tensor([-0.2817,  2.9176, -5.9047])"
287,446B2CB6-B572-40AB-B01F-1910CA07086A.jpeg,2,2,"tensor([-3.1303, -3.7193,  7.1254])"
288,person1413_bacteria_3620.jpeg,1,1,"tensor([-3.5768,  5.3875, -5.8843])"
289,NORMAL2-IM-1141-0001.jpeg,0,0,"tensor([ 3.7531,  0.6450, -8.2190])"
290,person579_bacteria_2382.jpeg,1,1,"tensor([-5.8118,  6.8625, -6.1949])"
291,person644_bacteria_2536.jpeg,1,1,"tensor([-5.7481,  7.3612, -6.4241])"
292,person1158_virus_1940.jpeg,1,1,"tensor([-7.0700,  9.2778, -7.8517])"
293,person486_bacteria_2054.jpeg,1,1,"tensor([-2.2957,  4.6045, -6.7682])"
294,person605_bacteria_2464.jpeg,1,1,"tensor([-4.0498,  6.5851, -7.2626])"
295,IM-0177-0001.jpeg,0,0,"tensor([  6.4030,  -0.4394, -10.4100])"
296,person1360_virus_2341.jpeg,1,1,"tensor([ 0.0076,  2.9798, -6.9583])"
297,person692_virus_1286.jpeg,1,1,"tensor([-6.6227,  7.6851, -5.8719])"
298,person443_bacteria_1923.jpeg,1,1,"tensor([-1.8334,  4.1568, -6.6560])"
299,IM-0555-0001-0001.jpeg,0,0,"tensor([  7.6416,  -2.1526, -10.3314])"
300,person1181_virus_2016.jpeg,1,1,"tensor([-3.9972,  7.1868, -7.9555])"
301,person371_bacteria_1700.jpeg,1,1,"tensor([ -3.8867,   8.1604, -10.0294])"
302,person1203_bacteria_3155.jpeg,1,1,"tensor([ -3.1180,   7.7833, -10.0400])"
303,person1141_bacteria_3085.jpeg,1,1,"tensor([-4.7311,  7.1411, -7.1655])"
304,person1060_virus_1760.jpeg,1,1,"tensor([-5.6102,  6.2621, -4.7649])"
305,person1352_bacteria_3445.jpeg,1,1,"tensor([ -0.7304,   5.7580, -11.1277])"
306,person753_virus_1378.jpeg,1,1,"tensor([-3.4640,  6.5269, -7.8736])"
307,person97_virus_180.jpeg,1,1,"tensor([-6.1590,  7.4360, -5.6467])"
308,person348_virus_711.jpeg,1,1,"tensor([-5.1728,  3.3139, -0.7410])"
309,person293_virus_604.jpeg,1,1,"tensor([-6.0147,  7.4778, -6.0930])"
310,2C26F453-AF3B-4517-BB9E-802CF2179543.jpeg,2,2,"tensor([-0.3519, -2.9673,  3.6938])"
311,person1374_bacteria_3507.jpeg,1,1,"tensor([ 0.8072,  1.5508, -6.1389])"
312,person1096_virus_1816.jpeg,1,1,"tensor([-4.9957,  7.6581, -7.4686])"
313,person921_virus_1578.jpeg,1,1,"tensor([-3.8325,  3.4502, -2.0387])"
314,person63_bacteria_306.jpeg,1,1,"tensor([-4.1003,  6.2321, -6.7032])"
315,00000265_004.png,0,0,"tensor([ 5.6008, -0.8072, -7.8886])"
316,person1010_bacteria_2941.jpeg,1,1,"tensor([-3.4752,  5.1187, -5.2861])"
317,NORMAL2-IM-1008-0001.jpeg,0,0,"tensor([ 7.8353, -3.0434, -8.8720])"
318,person1352_bacteria_3443.jpeg,1,1,"tensor([-2.1976,  5.5610, -8.7521])"
319,person338_bacteria_1568.jpeg,1,1,"tensor([-7.3053,  8.9163, -7.1408])"
320,person501_bacteria_2114.jpeg,1,1,"tensor([-3.4840,  7.4227, -8.9498])"
321,person1235_virus_2095.jpeg,1,1,"tensor([-3.3139,  6.9760, -9.2359])"
322,DX.1.2.840.113564.1722810162.20200404194854145480.1203801020003.png,2,2,"tensor([-4.6193, -2.5892,  7.7985])"
323,person88_bacteria_438.jpeg,1,1,"tensor([-6.0335,  7.9868, -7.4800])"
324,DX.1.2.840.113564.1722810162.20200420150441592700.1203801020003.png,2,0,"tensor([ 2.4657, -4.1312,  1.8036])"
325,person64_bacteria_318.jpeg,1,1,"tensor([-3.4249,  4.3137, -4.0561])"
326,person599_virus_1155.jpeg,1,1,"tensor([-5.0897,  6.4289, -5.7591])"
327,person583_bacteria_2408.jpeg,1,1,"tensor([-3.3140,  4.8611, -5.1441])"
328,person113_bacteria_542.jpeg,1,1,"tensor([-5.8289,  6.9586, -6.0495])"
329,NORMAL2-IM-0753-0001.jpeg,0,0,"tensor([ 4.9711, -1.8843, -5.8267])"
330,person761_virus_1389.jpeg,1,1,"tensor([-5.7163,  6.0103, -4.1008])"
331,person130_virus_263.jpeg,1,1,"tensor([-3.7609,  6.3588, -6.8886])"
332,person446_bacteria_1931.jpeg,1,1,"tensor([-5.8393,  7.8037, -6.6615])"
333,person525_bacteria_2218.jpeg,1,1,"tensor([-5.2776,  8.3793, -9.3970])"
334,NORMAL2-IM-0992-0001.jpeg,0,0,"tensor([ 4.9927, -1.2264, -7.0511])"
335,person605_virus_1166.jpeg,1,1,"tensor([-3.1994,  5.1958, -6.1235])"
336,DX.1.2.840.113564.1722810162.20200417134736990110.1203801020003.png,2,2,"tensor([-10.0890,  -4.3147,  15.7681])"
337,IM-0033-0001-0002.jpeg,0,0,"tensor([ 5.0027, -2.3014, -4.6500])"
338,00000132_005.png,1,0,"tensor([  5.5068,   1.3381, -11.6354])"
339,person276_bacteria_1295.jpeg,1,1,"tensor([-6.5447,  9.2141, -8.9644])"
340,person265_bacteria_1236.jpeg,1,1,"tensor([ 0.3168,  3.4898, -7.5833])"
341,person382_bacteria_1741.jpeg,1,1,"tensor([-4.3622,  8.0242, -9.4234])"
342,person701_virus_1297.jpeg,1,1,"tensor([-0.1449,  5.1968, -9.0876])"
343,DX.1.2.840.113564.1722810162.20200320141356234280.1203801020003.png,2,2,"tensor([-14.5263,  -2.0614,  17.5322])"
344,person51_bacteria_245.jpeg,1,1,"tensor([-5.5490,  6.7741, -5.5423])"
345,person122_bacteria_585.jpeg,1,1,"tensor([-4.5108,  7.3307, -7.6242])"
346,person1333_virus_2301.jpeg,1,1,"tensor([ -1.4138,   6.9693, -10.7319])"
347,person422_virus_867.jpeg,1,1,"tensor([-3.3618,  4.0029, -3.6278])"
348,person317_virus_643.jpeg,1,1,"tensor([-5.2018,  6.3513, -5.6017])"
349,DX.1.2.840.113564.1722810162.20200325171318440480.1203801020003.png,2,2,"tensor([-12.9500,  -3.1582,  17.0562])"
350,person1358_virus_2339.jpeg,1,1,"tensor([ 0.1356,  1.4763, -5.4878])"
351,person620_virus_1192.jpeg,1,1,"tensor([-4.6381,  6.7637, -7.1350])"
352,NORMAL2-IM-1226-0001.jpeg,0,0,"tensor([  6.5747,  -0.6318, -10.6170])"
353,person925_bacteria_2850.jpeg,1,1,"tensor([-2.8518,  4.4902, -4.7898])"
354,IM-0269-0001.jpeg,0,0,"tensor([ 8.2994, -3.2193, -9.5218])"
355,00000439_000.png,0,0,"tensor([ 5.2750, -4.5636, -1.1444])"
356,person870_bacteria_2792.jpeg,1,1,"tensor([-3.0507,  6.4591, -8.5610])"
357,IM-0085-0001.jpeg,0,1,"tensor([  0.2968,   5.1392, -10.0019])"
358,person66_bacteria_325.jpeg,1,1,"tensor([-2.3781,  5.3873, -7.4621])"
359,IM-0349-0001.jpeg,0,0,"tensor([ 10.1983,  -4.4622, -10.5827])"
360,person114_virus_217.jpeg,1,1,"tensor([-9.7838, 10.2980, -6.1157])"
361,person498_bacteria_2101.jpeg,1,1,"tensor([-0.6058,  2.7859, -5.1129])"
362,person1374_bacteria_3506.jpeg,1,1,"tensor([-6.7929,  5.8750, -3.0899])"
363,person1408_bacteria_3579.jpeg,1,1,"tensor([-6.3649,  8.7771, -7.8612])"
364,IM-0013-0001.jpeg,0,0,"tensor([ 7.0038, -3.2318, -6.0481])"
365,person273_virus_561.jpeg,1,1,"tensor([-0.9486,  5.7916, -9.5727])"
366,person635_bacteria_2526.jpeg,1,1,"tensor([  2.0664,   4.4075, -11.6989])"
367,person578_bacteria_2379.jpeg,1,1,"tensor([-2.4505,  6.5367, -8.8738])"
368,person1105_bacteria_3046.jpeg,1,1,"tensor([-4.7863,  5.6888, -4.7004])"
369,person494_bacteria_2090.jpeg,1,1,"tensor([-6.1970,  5.1562, -2.7347])"
370,person783_virus_1414.jpeg,1,1,"tensor([-3.1027,  6.5439, -8.3087])"
371,person776_virus_1405.jpeg,1,1,"tensor([ 1.0246,  4.3651, -9.6672])"
372,person334_virus_689.jpeg,1,1,"tensor([-2.2227,  5.6655, -8.1589])"
373,person847_virus_1492.jpeg,1,1,"tensor([-6.8071,  7.3427, -4.3807])"
374,person67_virus_126.jpeg,1,1,"tensor([-5.4948,  6.2485, -5.5679])"
375,person855_virus_1500.jpeg,1,1,"tensor([-7.1563,  8.7674, -7.1395])"
376,NORMAL2-IM-0421-0001.jpeg,0,0,"tensor([ 7.8940, -2.9270, -9.2758])"
377,person128_bacteria_607.jpeg,1,1,"tensor([-6.9404,  8.4294, -6.5608])"
378,person1440_bacteria_3723.jpeg,1,1,"tensor([-2.2954,  4.9144, -7.6420])"
379,person1324_virus_2285.jpeg,1,1,"tensor([-4.3766,  6.7694, -8.2808])"
380,person298_virus_618.jpeg,1,1,"tensor([-5.8906,  7.3585, -6.6238])"
381,person1345_bacteria_3425.jpeg,1,1,"tensor([-3.8588,  7.1615, -8.4568])"
382,person53_bacteria_254.jpeg,1,1,"tensor([-4.8880,  7.2775, -7.2602])"
383,person48_bacteria_233.jpeg,1,1,"tensor([-5.1221,  7.3632, -7.2602])"
384,NORMAL2-IM-0525-0001.jpeg,0,0,"tensor([  9.4843,  -2.4271, -12.3222])"
385,person556_bacteria_2326.jpeg,1,1,"tensor([-3.1529,  3.4917, -3.0096])"
386,NORMAL2-IM-1269-0001-0001.jpeg,0,0,"tensor([ 5.1826, -0.6949, -8.1812])"
387,person1320_bacteria_3347.jpeg,1,1,"tensor([-3.4809,  6.3533, -7.3869])"
388,person629_virus_1207.jpeg,1,1,"tensor([-4.4931,  7.2120, -7.2682])"
389,NORMAL2-IM-0579-0001.jpeg,0,0,"tensor([ 5.0932, -0.7042, -8.2657])"
390,person58_bacteria_275.jpeg,1,1,"tensor([-2.5328,  5.7304, -7.8010])"
391,person344_bacteria_1585.jpeg,1,1,"tensor([ 0.9906,  2.2040, -6.4546])"
392,person155_bacteria_730.jpeg,1,1,"tensor([-4.2239,  8.1099, -9.8278])"
393,person385_bacteria_1765.jpeg,1,1,"tensor([-4.3991,  5.6602, -5.5651])"
394,person111_virus_210.jpeg,1,1,"tensor([-2.9789,  4.2463, -5.1789])"
395,DX.1.2.840.113564.1722810162.20200325035519587850.1203801020003.png,2,2,"tensor([-4.3169, -3.4242,  8.5007])"
396,person1176_virus_1998.jpeg,1,1,"tensor([-4.0271,  7.5364, -9.0028])"
397,IM-0140-0001.jpeg,0,0,"tensor([  9.2128,  -2.8750, -11.2782])"
398,5931B64A-7B97-485D-BE60-3F1EA76BC4F0.jpeg,2,2,"tensor([-3.8791, -1.4018,  5.2922])"
399,NORMAL2-IM-1228-0001.jpeg,0,0,"tensor([ 7.8072, -2.6693, -9.5489])"
400,person1474_virus_2556.jpeg,1,1,"tensor([-1.9560,  5.0591, -7.4931])"
401,IM-0475-0001.jpeg,0,0,"tensor([  9.0740,  -3.2857, -10.9008])"
402,NORMAL2-IM-1201-0001.jpeg,0,0,"tensor([  8.6452,  -2.3938, -11.4718])"
403,IM-0015-0001.jpeg,0,0,"tensor([ 1.4465,  0.8597, -4.9142])"
404,person314_virus_639.jpeg,1,1,"tensor([-5.7722,  7.2584, -5.9202])"
405,NORMAL2-IM-1035-0001.jpeg,0,0,"tensor([ 4.9339, -0.6251, -7.9403])"
406,person636_bacteria_2527.jpeg,1,1,"tensor([-2.6399,  4.3345, -5.0489])"
407,IM-0381-0001.jpeg,0,0,"tensor([ 7.2420, -2.8386, -8.1602])"
408,person1366_virus_2349.jpeg,1,1,"tensor([-5.5453,  8.3657, -8.0404])"
409,person278_bacteria_1309.jpeg,1,1,"tensor([-1.9295,  5.4766, -7.8384])"
410,person275_bacteria_1294.jpeg,1,1,"tensor([-1.9414,  6.5800, -9.5131])"
411,person1449_bacteria_3747.jpeg,1,1,"tensor([-3.3944,  6.4940, -7.8960])"
412,person402_virus_801.jpeg,1,1,"tensor([-5.9883,  4.6472, -1.3013])"
413,person138_virus_282.jpeg,1,1,"tensor([-7.3705,  6.4289, -2.7567])"
414,00000207_000.png,0,0,"tensor([ 7.0356, -2.6982, -7.1833])"
415,person654_bacteria_2546.jpeg,1,1,"tensor([-1.6213,  4.4427, -6.9373])"
416,person130_bacteria_626.jpeg,1,1,"tensor([-2.4253,  6.2883, -9.7332])"
417,person940_virus_1609.jpeg,1,1,"tensor([-3.5700,  5.3189, -6.0663])"
418,person1073_bacteria_3011.jpeg,1,1,"tensor([-4.3373,  7.2019, -7.7985])"
419,person1203_bacteria_3154.jpeg,1,1,"tensor([-5.2723,  7.7767, -7.8187])"
420,person310_virus_633.jpeg,1,1,"tensor([-4.3366,  5.7876, -5.8185])"
421,IM-0539-0001.jpeg,0,0,"tensor([ 5.9733, -1.5087, -8.2638])"
422,person1306_bacteria_3274.jpeg,1,1,"tensor([-0.3754,  4.4261, -7.9555])"
423,person3_virus_16.jpeg,1,1,"tensor([-4.5015,  6.8508, -6.7847])"
424,NORMAL2-IM-0468-0001.jpeg,0,0,"tensor([ 5.5648, -1.0257, -8.4645])"
425,person1488_virus_2592.jpeg,1,1,"tensor([-4.1155,  5.8004, -5.1763])"
426,lancet-case2a.jpg,2,2,"tensor([-20.3004,   2.5449,  17.6672])"
427,person1088_virus_1800.jpeg,1,2,"tensor([-0.0623, -1.4442,  1.6050])"
428,person846_virus_1491.jpeg,1,1,"tensor([-0.9944,  3.9113, -6.5670])"
429,person620_virus_1191.jpeg,1,1,"tensor([-4.9568,  6.6907, -6.2425])"
430,person52_virus_106.jpeg,1,1,"tensor([-5.2781,  6.7984, -6.1114])"
431,person957_bacteria_2882.jpeg,1,1,"tensor([-6.3326,  8.7571, -7.9357])"
432,IM-0404-0001.jpeg,0,0,"tensor([ 5.9087, -2.2707, -6.6700])"
433,person808_bacteria_2716.jpeg,1,1,"tensor([-1.0043,  4.8362, -8.4404])"
434,person688_virus_1282.jpeg,1,1,"tensor([-5.0038,  5.0506, -3.4078])"
435,IM-0059-0001.jpeg,0,0,"tensor([ 5.3035, -0.5482, -8.8277])"
436,NORMAL2-IM-0645-0001.jpeg,0,0,"tensor([ 5.5654, -2.4680, -6.0152])"
437,person442_virus_899.jpeg,1,1,"tensor([-5.0143,  6.8826, -6.7505])"
438,IM-0067-0001.jpeg,0,0,"tensor([ 5.7909, -0.6060, -9.1903])"
439,person665_virus_1250.jpeg,1,1,"tensor([-5.8026,  7.8186, -6.5904])"
440,DX.1.2.840.113564.1722810162.20200410172247966360.1203801020003.png,2,2,"tensor([-10.3383,  -3.6259,  15.4657])"
441,person566_bacteria_2351.jpeg,1,1,"tensor([-4.6609,  5.2964, -4.4393])"
442,person139_virus_283.jpeg,1,1,"tensor([-5.5989,  7.7723, -7.5481])"
443,person274_bacteria_1288.jpeg,1,1,"tensor([-4.7063,  7.9909, -8.6620])"
444,person1356_virus_2337.jpeg,1,1,"tensor([-3.9699,  5.0061, -4.6925])"
445,IM-0513-0001.jpeg,0,0,"tensor([ 4.2493,  0.7395, -9.0890])"
446,person992_virus_1670.jpeg,1,1,"tensor([-4.2097,  6.6298, -6.6163])"
447,person257_bacteria_1191.jpeg,1,1,"tensor([-5.9987,  7.2824, -6.4114])"
448,person348_virus_715.jpeg,1,1,"tensor([-6.1508,  6.1408, -4.1054])"
449,person1059_bacteria_2993.jpeg,1,1,"tensor([-5.2588,  7.6207, -7.3567])"
450,IM-0122-0001.jpeg,0,0,"tensor([ 7.1532, -2.0256, -9.4002])"
451,person257_bacteria_1199.jpeg,1,1,"tensor([-3.8662,  7.3906, -8.9881])"
452,NORMAL2-IM-1347-0001.jpeg,0,0,"tensor([  8.0351,  -2.3390, -10.1959])"
453,person82_virus_154.jpeg,1,1,"tensor([-7.9418,  8.8436, -6.6051])"
454,NORMAL2-IM-1396-0001.jpeg,0,0,"tensor([ 2.9692,  1.6068, -8.6478])"
455,NORMAL2-IM-0464-0001.jpeg,0,0,"tensor([ 4.5412,  0.6472, -9.6052])"
456,person32_bacteria_166.jpeg,1,1,"tensor([-1.9315,  4.5595, -6.4212])"
457,person673_virus_1263.jpeg,1,1,"tensor([-4.5136,  5.9142, -6.3471])"
458,person364_bacteria_1656.jpeg,1,1,"tensor([-5.7119,  7.7595, -6.7958])"
459,person317_bacteria_1471.jpeg,1,1,"tensor([-6.4703,  8.5590, -7.8046])"
460,person111_virus_209.jpeg,1,1,"tensor([-4.7981,  7.7505, -8.0755])"
461,auntminnie-c-2020_01_28_23_51_6665_2020_01_28_Vietnam_coronavirus.jpeg,2,2,"tensor([ 0.2007, -1.6231,  0.6931])"
462,person3_bacteria_10.jpeg,1,1,"tensor([-5.3021,  8.2810, -8.4229])"
463,NORMAL2-IM-1180-0001.jpeg,0,0,"tensor([ 4.4137, -1.4930, -6.4442])"
464,NORMAL2-IM-1096-0001-0003.jpeg,0,0,"tensor([ 8.2181, -2.8343, -9.8344])"
465,IM-0543-0001-0002.jpeg,0,0,"tensor([ 4.2977,  0.2095, -8.0716])"
466,person337_bacteria_1562.jpeg,1,1,"tensor([-3.7367,  7.2439, -8.8607])"
467,IM-0511-0001-0001.jpeg,0,0,"tensor([ 4.7943, -0.1734, -8.5674])"
468,person1481_bacteria_3868.jpeg,1,1,"tensor([-3.6070,  6.1779, -7.3955])"
469,person549_bacteria_2303.jpeg,1,1,"tensor([-2.7931,  5.1611, -6.2183])"
470,IM-0442-0001.jpeg,0,0,"tensor([  4.9890,   1.9420, -13.1871])"
471,person22_virus_55.jpeg,1,1,"tensor([-4.5755,  5.4965, -5.0115])"
472,person1112_bacteria_3053.jpeg,1,1,"tensor([-5.4721,  7.6578, -6.8843])"
473,DX.1.2.840.113564.1722810162.20200402222138430240.1203801020003.png,2,2,"tensor([-5.1916, -3.7667,  9.8041])"
474,NORMAL2-IM-0862-0001.jpeg,0,0,"tensor([  7.8729,  -2.3831, -10.5425])"
475,person677_virus_1268.jpeg,1,1,"tensor([-3.8447,  5.4179, -4.9991])"
476,person1234_virus_2093.jpeg,1,1,"tensor([-2.0440,  6.5031, -9.2741])"
477,IM-0270-0001.jpeg,0,0,"tensor([ 4.6661,  0.6565, -9.6307])"
478,person525_bacteria_2216.jpeg,1,1,"tensor([-1.7030,  5.9254, -9.1341])"
479,person153_virus_304.jpeg,1,1,"tensor([-3.7184,  6.7667, -7.9900])"
480,person1024_virus_1716.jpeg,1,1,"tensor([-3.3511,  6.2999, -7.6670])"
481,person1116_virus_1841.jpeg,1,1,"tensor([-4.0840,  5.9649, -6.9321])"
482,NORMAL2-IM-1315-0001.jpeg,0,0,"tensor([ 8.0265, -3.0647, -9.2412])"
483,IM-0554-0001.jpeg,0,0,"tensor([ 3.3975,  1.6325, -9.6730])"
484,person1274_bacteria_3236.jpeg,1,1,"tensor([-4.8744,  7.6616, -7.9544])"
485,person1316_virus_2271.jpeg,1,1,"tensor([-8.8220,  9.0594, -5.5781])"
486,person100_bacteria_477.jpeg,1,1,"tensor([-6.0833,  6.5272, -5.4782])"
487,person515_bacteria_2188.jpeg,1,1,"tensor([-4.4915,  5.8480, -5.3784])"
488,CR.1.2.840.113564.1722810170.20200323182218359470.1003000225002.png,2,2,"tensor([-6.1923, -1.6268,  8.0642])"
489,IM-0581-0001.jpeg,0,0,"tensor([ 4.8268, -1.4453, -6.8431])"
490,person1249_bacteria_3205.jpeg,1,1,"tensor([-4.2895,  6.3030, -6.2467])"
491,person1343_virus_2316.jpeg,1,1,"tensor([-3.7973,  6.2271, -6.7225])"
492,person1436_bacteria_3711.jpeg,1,1,"tensor([-2.5174,  5.5120, -7.2184])"
493,IM-0125-0001.jpeg,0,0,"tensor([ 3.3592,  0.2749, -6.6837])"
494,person253_bacteria_1154.jpeg,1,1,"tensor([-4.4175,  5.7794, -5.8455])"
495,person1261_virus_2148.jpeg,1,1,"tensor([-4.5151,  4.4395, -3.2114])"
496,NORMAL2-IM-0969-0001.jpeg,0,0,"tensor([ 5.3574, -0.9599, -7.9569])"
497,person21_bacteria_72.jpeg,1,1,"tensor([-1.3772,  4.9210, -7.6873])"
498,NORMAL2-IM-0417-0001.jpeg,0,0,"tensor([ 5.2818, -1.5397, -7.0551])"
499,person1015_virus_1702.jpeg,1,1,"tensor([-5.6202,  4.7456, -2.0559])"
500,person738_bacteria_2641.jpeg,1,1,"tensor([-5.1719,  8.0641, -8.3759])"
501,person1176_bacteria_3124.jpeg,1,1,"tensor([-2.5898,  6.1797, -8.3096])"
502,person279_bacteria_1316.jpeg,1,0,"tensor([ 4.6836, -0.6446, -6.7662])"
503,NORMAL2-IM-0518-0001.jpeg,0,0,"tensor([  8.6819,  -2.5582, -11.3145])"
504,person415_bacteria_1839.jpeg,1,1,"tensor([-5.4871,  6.0670, -4.4828])"
505,person422_bacteria_1853.jpeg,1,0,"tensor([ 2.3023,  0.6003, -5.8590])"
506,1.CXRCTThoraximagesofCOVID-19fromSingapore.pdf-002-fig3a.png,2,2,"tensor([-1.6854, -3.4995,  5.5247])"
507,NORMAL2-IM-0661-0001.jpeg,0,0,"tensor([ 7.3074, -3.1732, -7.9350])"
508,NORMAL2-IM-0589-0001.jpeg,0,0,"tensor([ 6.8330, -1.6579, -9.4722])"
509,NORMAL2-IM-0595-0001.jpeg,0,0,"tensor([ 5.0984, -0.5389, -8.8037])"
510,NORMAL2-IM-0831-0001.jpeg,0,0,"tensor([ 8.0948, -3.6505, -8.3291])"
511,person1180_virus_2015.jpeg,1,1,"tensor([-1.2973,  4.4651, -7.2958])"
512,person1091_virus_1810.jpeg,1,1,"tensor([-4.2112,  6.0157, -5.7095])"
513,covid-19-pneumonia-evolution-over-a-week-1-day0-PA.jpg,2,2,"tensor([ 0.1564, -3.9680,  4.4084])"
514,person471_bacteria_2004.jpeg,1,1,"tensor([-6.7184,  7.5788, -6.0354])"
515,person845_virus_1489.jpeg,1,1,"tensor([-4.7064,  6.3681, -6.3546])"
516,person277_bacteria_1307.jpeg,1,1,"tensor([-3.5056,  6.7559, -8.3021])"
517,IM-0141-0001.jpeg,0,0,"tensor([ 6.7580, -2.0487, -8.6335])"
518,DX.1.2.840.113564.1722810162.20200407154351156930.1203801020003.png,2,2,"tensor([-5.2528, -2.9131,  8.9795])"
519,IM-0386-0001.jpeg,0,0,"tensor([  7.9093,  -2.0142, -10.7947])"
520,person162_virus_320.jpeg,1,1,"tensor([-4.7528,  6.8418, -6.7365])"
521,person1481_virus_2567.jpeg,1,1,"tensor([ 0.7748,  2.4698, -6.8701])"
522,IM-0220-0001.jpeg,0,0,"tensor([ 5.9830, -0.9120, -9.7046])"
523,person294_bacteria_1380.jpeg,1,1,"tensor([-6.1530,  7.8595, -6.6949])"
524,person968_virus_1642.jpeg,1,1,"tensor([-5.4775,  7.0436, -6.7924])"
525,person1308_bacteria_3286.jpeg,1,1,"tensor([-1.6649,  5.4487, -8.2110])"
526,person395_bacteria_1794.jpeg,1,1,"tensor([-4.7363,  5.9089, -5.6640])"
527,person487_bacteria_2059.jpeg,1,1,"tensor([-4.9610,  7.0300, -6.8482])"
528,person1411_bacteria_3601.jpeg,1,1,"tensor([-3.1061,  6.4825, -7.8883])"
529,person1125_virus_1852.jpeg,1,1,"tensor([-3.7106,  7.0846, -8.6842])"
530,person1375_bacteria_3510.jpeg,1,1,"tensor([-1.6712,  5.2001, -7.8868])"
531,person275_bacteria_1293.jpeg,1,1,"tensor([-5.4027,  8.7713, -9.2587])"
532,person1488_virus_2587.jpeg,1,1,"tensor([-2.2547,  3.2088, -4.1697])"
533,person5_bacteria_16.jpeg,1,1,"tensor([-7.6590, 10.2690, -9.0357])"
534,person127_bacteria_603.jpeg,1,1,"tensor([-8.6398, 10.4756, -8.2986])"
535,person826_virus_1462.jpeg,1,1,"tensor([-6.1609,  5.0570, -1.9536])"
536,NORMAL2-IM-0957-0001.jpeg,0,0,"tensor([ 6.8181, -2.0033, -8.2273])"
537,person704_virus_1301.jpeg,1,1,"tensor([-5.6105,  7.9609, -7.9691])"
538,NORMAL2-IM-1169-0001.jpeg,0,0,"tensor([  7.1353,  -1.0476, -11.1858])"
539,NORMAL2-IM-0555-0001.jpeg,0,0,"tensor([ 7.5565, -3.1704, -8.1574])"
540,NORMAL2-IM-0416-0001-0001.jpeg,0,0,"tensor([ 7.7862, -3.0614, -8.5246])"
541,person1001_bacteria_2932.jpeg,1,1,"tensor([-1.9627,  3.9528, -4.9505])"
542,person160_virus_316.jpeg,1,1,"tensor([-2.1762,  5.1863, -7.4461])"
543,person1351_virus_2330.jpeg,1,1,"tensor([-4.0213,  5.3250, -5.8944])"
544,NORMAL2-IM-0956-0001.jpeg,0,0,"tensor([  9.5708,  -3.8309, -10.6938])"
545,person144_bacteria_690.jpeg,1,1,"tensor([-4.6432,  7.0648, -7.7409])"
546,NORMAL2-IM-0669-0001.jpeg,0,0,"tensor([  7.6262,  -1.8446, -10.4772])"
547,DX.1.2.840.113564.1722810162.20200405200727037190.1203801020003.png,2,2,"tensor([ 0.3926, -3.7401,  3.4973])"
548,person1312_bacteria_3313.jpeg,1,1,"tensor([-4.2545,  5.9831, -6.5588])"
549,person867_bacteria_2789.jpeg,1,1,"tensor([ -3.2214,   7.8054, -11.0582])"
550,person334_bacteria_1541.jpeg,1,1,"tensor([-5.6134,  7.6025, -6.9439])"
551,person469_bacteria_1995.jpeg,1,1,"tensor([-3.4842,  4.9939, -5.2324])"
552,NORMAL2-IM-1185-0001.jpeg,0,0,"tensor([  9.0377,  -3.0473, -10.6460])"
553,person367_bacteria_1665.jpeg,1,1,"tensor([-5.1642,  7.0938, -7.1256])"
554,person384_virus_769.jpeg,1,1,"tensor([-5.9436,  7.0375, -5.3670])"
555,person1260_virus_2140.jpeg,1,1,"tensor([-3.1119,  6.5250, -8.5006])"
556,person1026_virus_1718.jpeg,1,1,"tensor([-6.3714,  6.7758, -4.5918])"
557,IM-0504-0001.jpeg,0,0,"tensor([  9.2145,  -2.9605, -11.6686])"
558,person72_bacteria_354.jpeg,1,1,"tensor([-1.6918,  5.8424, -8.5467])"
559,person574_bacteria_2372.jpeg,1,1,"tensor([-4.5941,  6.0907, -6.2466])"
560,1-s2.0-S1684118220300608-main.pdf-002.jpg,2,2,"tensor([-3.2549, -3.5694,  7.1174])"
561,person425_virus_871.jpeg,1,1,"tensor([-1.6222,  2.0307, -1.9855])"
562,person730_bacteria_2632.jpeg,1,1,"tensor([-4.3449,  6.5514, -7.0367])"
563,IM-0224-0001.jpeg,0,0,"tensor([ 4.3885, -0.1347, -7.6970])"
564,IM-0245-0001.jpeg,0,0,"tensor([ 6.7444, -2.4586, -7.8269])"
565,person279_bacteria_1315.jpeg,1,2,"tensor([-0.7791, -2.1559,  2.7324])"
566,person1138_virus_1877.jpeg,1,1,"tensor([-1.4364,  4.6182, -6.3649])"
567,person1496_bacteria_3907.jpeg,1,1,"tensor([-3.8738,  6.0617, -6.3132])"
568,NORMAL2-IM-0826-0001.jpeg,0,0,"tensor([ 3.0693,  2.1525, -9.6538])"
569,person919_virus_1576.jpeg,1,1,"tensor([-9.1668,  6.9832, -1.7462])"
570,00000013_040.png,1,0,"tensor([ 2.2870,  0.0467, -4.5257])"
571,DX.1.2.840.113564.1722810162.20200418130832529630.1203801020003.png,2,2,"tensor([-6.4482, -2.9922, 10.2387])"
572,person1004_virus_1686.jpeg,1,1,"tensor([-7.7676,  7.7914, -4.9051])"
573,person101_bacteria_484.jpeg,1,1,"tensor([-4.4927,  5.2492, -4.7844])"
574,person255_bacteria_1182.jpeg,1,1,"tensor([-7.5596,  5.9332, -2.3293])"
575,person418_bacteria_1843.jpeg,1,1,"tensor([-2.2130,  5.0408, -6.9348])"
576,person383_bacteria_1751.jpeg,1,1,"tensor([-4.2726,  6.6659, -7.8600])"
577,person115_virus_219.jpeg,1,1,"tensor([-4.9302,  7.3994, -7.2037])"
578,person1214_bacteria_3166.jpeg,1,1,"tensor([-4.6302,  6.6597, -6.1787])"
579,person1050_bacteria_2984.jpeg,1,1,"tensor([-6.7487,  7.3375, -5.0739])"
580,person1414_bacteria_3628.jpeg,1,1,"tensor([-2.5946,  4.5429, -5.9267])"
581,person941_virus_1610.jpeg,1,1,"tensor([-4.7137,  5.2547, -4.6388])"
582,person705_virus_1302.jpeg,1,1,"tensor([-7.1789,  9.5072, -8.1152])"
583,person32_virus_71.jpeg,1,1,"tensor([ -2.3864,   7.1425, -10.0997])"
584,person645_bacteria_2537.jpeg,1,1,"tensor([ 0.8325,  3.8264, -8.5598])"
585,person114_bacteria_544.jpeg,1,1,"tensor([-5.1020,  8.1718, -9.0690])"
586,person321_bacteria_1485.jpeg,1,1,"tensor([-4.9093,  6.6167, -6.3543])"
587,person617_bacteria_2488.jpeg,1,1,"tensor([-2.7625,  5.4160, -6.3816])"
588,person457_virus_944.jpeg,1,1,"tensor([-2.9468,  3.3100, -3.3358])"
589,person26_bacteria_128.jpeg,1,1,"tensor([-4.3229,  7.8984, -9.3773])"
590,IM-0532-0001.jpeg,0,0,"tensor([ 5.2703, -1.4566, -7.6259])"
591,person596_bacteria_2440.jpeg,1,1,"tensor([-5.6590,  6.6327, -5.8230])"
592,ciaa199.pdf-001-c.png,2,1,"tensor([-0.5194,  0.4717, -1.6953])"
593,IM-0309-0001.jpeg,0,0,"tensor([ 6.3989, -0.8939, -9.6874])"
594,person1275_bacteria_3237.jpeg,1,1,"tensor([-1.1534,  4.5958, -7.5794])"
595,person427_bacteria_1867.jpeg,1,1,"tensor([-4.3051,  6.5961, -7.4341])"
596,person255_bacteria_1160.jpeg,1,1,"tensor([-4.6390,  4.5992, -3.0034])"
597,1-s2.0-S1684118220300682-main.pdf-003-b2.png,2,2,"tensor([-0.8336, -2.8025,  3.3008])"
598,NORMAL2-IM-0604-0001.jpeg,0,0,"tensor([  8.3704,  -3.0106, -10.1276])"
599,person1266_bacteria_3224.jpeg,1,1,"tensor([-4.2437,  5.6581, -5.6668])"
600,person1365_virus_2348.jpeg,1,1,"tensor([-2.7036,  4.6225, -6.7186])"
601,person158_virus_312.jpeg,1,1,"tensor([-6.2943,  7.9041, -6.1176])"
602,NORMAL2-IM-1281-0001.jpeg,0,0,"tensor([ 5.1228, -1.6794, -6.3543])"
603,person291_bacteria_1374.jpeg,1,1,"tensor([-7.1989,  8.3241, -6.1892])"
604,person86_bacteria_429.jpeg,1,1,"tensor([-6.1318,  7.8981, -7.1085])"
605,person1_virus_9.jpeg,1,1,"tensor([-5.1916,  7.2123, -7.3843])"
606,person1465_virus_2530.jpeg,1,1,"tensor([-8.6515, 10.0692, -7.2495])"
607,kjr-21-e24-g002-l-a.jpg,2,2,"tensor([-2.1799, -3.8173,  6.4434])"
608,person348_bacteria_1604.jpeg,1,1,"tensor([-2.0020,  5.5489, -7.9638])"
609,person693_bacteria_2590.jpeg,1,1,"tensor([-5.8009,  7.3054, -6.7387])"
610,person911_virus_1567.jpeg,1,1,"tensor([-1.4485,  5.0711, -8.0647])"
611,171CB377-62FF-4B76-906C-F3787A01CB2E.jpeg,2,2,"tensor([-6.1543, -2.3438,  8.5469])"
612,person742_virus_1365.jpeg,1,1,"tensor([-8.8303,  8.3022, -4.5082])"
613,person962_virus_1635.jpeg,1,1,"tensor([-9.0807,  8.0373, -4.0077])"
614,person576_bacteria_2376.jpeg,1,1,"tensor([-4.9573,  7.4835, -7.7868])"
615,person73_bacteria_357.jpeg,1,1,"tensor([-5.1454,  8.8158, -9.7521])"
616,person1200_virus_2042.jpeg,1,1,"tensor([-6.5988,  9.3560, -8.6173])"
617,person442_virus_901.jpeg,1,1,"tensor([-6.6922,  6.9313, -4.3490])"
618,NORMAL2-IM-0406-0001.jpeg,0,0,"tensor([ 4.2312, -0.1115, -7.3941])"
619,person548_bacteria_2301.jpeg,1,1,"tensor([-2.4320,  5.9318, -8.0165])"
620,00000196_000.png,0,0,"tensor([  7.1346,  -0.5532, -11.4034])"
621,person530_bacteria_2231.jpeg,1,1,"tensor([-4.9798,  8.0668, -8.7577])"
622,person929_bacteria_2854.jpeg,1,1,"tensor([-0.4835,  4.5522, -8.1975])"
623,NORMAL2-IM-1176-0001.jpeg,0,0,"tensor([ 7.7004, -3.3764, -8.0425])"
624,NORMAL2-IM-1130-0001.jpeg,0,0,"tensor([ 5.9580, -2.7786, -6.3293])"
625,DX.1.2.840.113564.1722810162.20200325133712872360.1203801020003.png,2,2,"tensor([-12.2737,  -3.8350,  17.6627])"
626,person995_virus_1676.jpeg,1,1,"tensor([-5.1080,  7.2020, -6.4851])"
627,person441_virus_895.jpeg,1,1,"tensor([-6.3667,  5.6996, -2.7076])"
628,CR.1.2.840.113564.1921681134.20200409131843311120.1203801020003.png,2,2,"tensor([-6.6021, -3.3746, 11.0280])"
629,person779_bacteria_2683.jpeg,1,1,"tensor([-1.0876,  4.6652, -8.2226])"
630,NORMAL2-IM-1152-0001.jpeg,0,0,"tensor([ 6.4492, -2.4628, -7.8231])"
631,person299_bacteria_1416.jpeg,1,1,"tensor([-2.5174,  5.6826, -7.7850])"
632,person1481_bacteria_3862.jpeg,1,1,"tensor([-4.6775,  7.2873, -7.1893])"
633,person1466_virus_2542.jpeg,1,1,"tensor([-6.2713,  6.9388, -4.8981])"
634,IM-0526-0001.jpeg,0,0,"tensor([ 5.8879, -0.8790, -9.1936])"
635,CR.1.2.840.113564.1722810170.20200405065153640420.1003000225002.png,2,2,"tensor([ 0.0472, -2.3967,  2.3919])"
636,person382_bacteria_1746.jpeg,1,1,"tensor([-6.8424,  8.0626, -6.1040])"
637,person93_bacteria_454.jpeg,1,1,"tensor([-5.4166,  6.0156, -5.1766])"
638,person1466_virus_2543.jpeg,1,1,"tensor([-2.3972,  5.4364, -7.2046])"
639,person255_bacteria_1165.jpeg,1,1,"tensor([-5.5900,  5.5271, -4.1054])"
640,person516_bacteria_2192.jpeg,1,1,"tensor([-2.9241,  6.1020, -7.6534])"
641,00000094_000.png,0,0,"tensor([ 5.1413, -0.2782, -8.4749])"
642,person504_bacteria_2133.jpeg,1,1,"tensor([-3.6613,  6.0544, -6.4418])"
643,person1119_virus_1844.jpeg,1,1,"tensor([-2.7059,  4.9717, -6.1796])"
644,NORMAL2-IM-1318-0001.jpeg,0,0,"tensor([ 6.4511, -1.3554, -9.4573])"
645,IM-0591-0001.jpeg,0,0,"tensor([ 5.3722, -1.5453, -7.3715])"
646,00000462_000.png,0,1,"tensor([-2.6666,  3.1136, -2.7286])"
647,person1121_virus_1846.jpeg,1,1,"tensor([-4.7217,  5.7313, -4.6621])"
648,IM-0467-0001-0002.jpeg,0,0,"tensor([  8.7325,  -2.9935, -10.6234])"
649,person427_bacteria_1864.jpeg,1,1,"tensor([-7.3201,  8.7366, -6.5717])"
650,IM-0553-0001.jpeg,0,0,"tensor([ 6.7045, -3.4383, -6.4457])"
651,person829_bacteria_2740.jpeg,1,1,"tensor([-6.6205,  7.5761, -6.0562])"
652,NORMAL2-IM-0541-0001.jpeg,0,0,"tensor([  6.9625,  -1.0913, -10.5606])"
653,NORMAL2-IM-0925-0001.jpeg,0,0,"tensor([ 5.7218, -0.8750, -8.8817])"
654,person588_virus_1134.jpeg,1,1,"tensor([-7.7176,  5.7818, -2.7917])"
655,person161_bacteria_762.jpeg,1,1,"tensor([ 0.7378,  4.2483, -8.9785])"
656,NORMAL2-IM-1218-0001.jpeg,0,0,"tensor([ 7.0594, -3.1077, -7.9033])"
657,00000291_000.png,0,0,"tensor([ 8.1599, -3.4747, -7.6838])"
658,IM-0453-0001-0002.jpeg,0,0,"tensor([ 8.0580, -3.6927, -8.0817])"
659,person63_virus_121.jpeg,1,1,"tensor([-6.1224,  8.6871, -7.8265])"
660,NORMAL2-IM-1327-0001.jpeg,0,0,"tensor([ 5.8572, -1.9456, -7.6795])"
661,person41_bacteria_209.jpeg,1,1,"tensor([-4.8180,  6.1946, -5.6431])"
662,person474_virus_971.jpeg,1,1,"tensor([-3.3646,  5.0091, -5.7088])"
663,person361_virus_740.jpeg,1,1,"tensor([-6.6840,  8.1269, -6.1154])"
664,00000093_000.png,1,0,"tensor([ 6.6549, -2.1633, -7.5253])"
665,00000031_000.png,0,0,"tensor([ 5.8855, -2.8279, -5.0743])"
666,IM-0365-0001.jpeg,0,0,"tensor([  8.3449,  -2.9092, -10.0946])"
667,NORMAL2-IM-1142-0001-0002.jpeg,0,0,"tensor([  9.7996,  -3.2520, -12.4386])"
668,NORMAL2-IM-0629-0001.jpeg,0,0,"tensor([  8.0147,  -1.7782, -11.4995])"
669,person23_bacteria_90.jpeg,1,1,"tensor([-4.5408,  6.8013, -7.4773])"
670,person88_virus_161.jpeg,1,1,"tensor([-6.5250,  8.4653, -7.7282])"
671,person308_bacteria_1443.jpeg,1,1,"tensor([-3.3139,  4.7500, -5.7791])"
672,NORMAL2-IM-1256-0001.jpeg,0,0,"tensor([ 6.7541, -1.7082, -9.5628])"
673,person1052_bacteria_2986.jpeg,1,1,"tensor([-5.8342,  8.4634, -7.7100])"
674,IM-0045-0001.jpeg,0,0,"tensor([ 6.6879, -2.9755, -6.4939])"
675,person413_bacteria_1832.jpeg,1,1,"tensor([-5.3231,  7.9313, -7.8391])"
676,IM-0223-0001.jpeg,0,0,"tensor([  9.0169,  -2.4100, -12.1571])"
677,person32_bacteria_165.jpeg,1,1,"tensor([ 0.1413,  2.3686, -5.6093])"
678,NORMAL2-IM-1109-0001.jpeg,0,0,"tensor([  8.7139,  -2.5064, -11.5296])"
679,person502_bacteria_2118.jpeg,1,1,"tensor([-6.8198,  8.7464, -7.3530])"
680,person931_virus_1592.jpeg,1,1,"tensor([-5.5847,  4.4769, -2.4198])"
681,person775_bacteria_2679.jpeg,1,1,"tensor([-4.5387,  6.9898, -8.0491])"
682,person983_virus_1660.jpeg,1,1,"tensor([-3.8245,  4.9392, -4.7089])"
683,person30_bacteria_145.jpeg,1,1,"tensor([-4.0208,  5.7056, -5.9938])"
684,person292_bacteria_1378.jpeg,1,1,"tensor([-5.7518,  7.3940, -7.0690])"
685,person54_bacteria_257.jpeg,1,1,"tensor([-4.5425,  6.9438, -7.3056])"
686,person1164_virus_1958.jpeg,1,0,"tensor([ 3.2348,  1.3735, -8.7931])"
687,person1411_bacteria_3609.jpeg,1,1,"tensor([-1.8119,  5.6365, -8.3453])"
688,NORMAL2-IM-1064-0001.jpeg,0,0,"tensor([ 2.1340,  1.7722, -7.2285])"
689,person58_bacteria_276.jpeg,1,1,"tensor([-4.2508,  6.2637, -6.0456])"
690,person370_bacteria_1690.jpeg,1,1,"tensor([-2.5269,  4.6166, -5.6851])"
691,00000396_000.png,0,0,"tensor([ 4.2232, -3.6821, -1.1750])"
692,person43_bacteria_213.jpeg,1,1,"tensor([-2.6989,  4.7421, -5.9875])"
693,DX.1.2.840.113564.1722810162.20200417111010040980.1203801020003.png,2,2,"tensor([-6.5135, -3.9789, 11.8177])"
694,person1411_bacteria_3610.jpeg,1,1,"tensor([-3.5338,  6.7446, -7.9243])"
695,person445_bacteria_1930.jpeg,1,1,"tensor([-3.0007,  5.6330, -7.5005])"
696,person817_bacteria_2728.jpeg,1,1,"tensor([-5.8641,  5.4151, -3.2013])"
697,CR.1.2.840.113564.192168196.2020033115253391026.1203801020003.png,2,2,"tensor([-8.3363, -1.4072,  9.1337])"
698,person1401_bacteria_3555.jpeg,1,1,"tensor([-4.9172,  6.6241, -6.7002])"
699,person646_bacteria_2538.jpeg,1,1,"tensor([-3.1711,  6.9513, -8.5666])"
700,IM-0544-0001.jpeg,0,0,"tensor([ 6.0231, -1.9686, -7.6522])"
701,person564_virus_1104.jpeg,1,1,"tensor([-4.8103,  5.1779, -4.0191])"
702,person1359_virus_2340.jpeg,1,1,"tensor([-2.3456,  4.7593, -7.1954])"
703,person1496_bacteria_3911.jpeg,1,1,"tensor([-4.3829,  7.9323, -9.5518])"
704,person560_bacteria_2330.jpeg,1,1,"tensor([-1.9737,  5.6652, -8.1015])"
705,NORMAL2-IM-0664-0001.jpeg,0,0,"tensor([ 4.0067, -0.4080, -6.4019])"
706,person1323_bacteria_3362.jpeg,1,1,"tensor([-3.5775,  5.0681, -5.0067])"
707,person1374_virus_2365.jpeg,1,1,"tensor([-5.5322,  5.4312, -4.1659])"
708,NORMAL2-IM-0660-0001.jpeg,0,0,"tensor([ 6.4065, -1.8392, -8.8260])"
709,NORMAL2-IM-0635-0001.jpeg,0,0,"tensor([ 4.1381,  0.4144, -8.6092])"
710,person364_virus_743.jpeg,1,1,"tensor([-5.6260,  5.8746, -4.8806])"
711,person381_bacteria_1731.jpeg,1,1,"tensor([-3.7937,  6.2342, -7.2005])"
712,person442_virus_902.jpeg,1,1,"tensor([-7.3684,  7.2148, -4.2188])"
713,DX.1.2.840.113564.1722810162.20200408170334886370.1203801020003.png,2,2,"tensor([-5.0965, -4.0461, 10.2111])"
714,CR.1.2.840.113564.1722810170.20200416020138312830.1003000225002.png,2,2,"tensor([-7.1056,  1.6992,  4.1119])"
715,NORMAL2-IM-1252-0001.jpeg,0,0,"tensor([ 3.8191, -3.2086, -1.7432])"
716,person91_bacteria_447.jpeg,1,1,"tensor([-7.2932,  9.8851, -8.5491])"
717,person1218_virus_2066.jpeg,1,1,"tensor([-5.6847,  7.8731, -6.9281])"
718,person620_bacteria_2492.jpeg,1,1,"tensor([-2.4901,  5.7480, -7.5747])"
719,ryct.2020200034.fig5-day7.jpeg,2,2,"tensor([-3.3337, -2.9400,  5.9375])"
720,person1180_virus_2009.jpeg,1,1,"tensor([-5.0232,  7.4015, -7.4508])"
721,person916_bacteria_2841.jpeg,1,1,"tensor([-1.4727,  2.5574, -3.7630])"
722,00000265_003.png,0,0,"tensor([ 6.0233, -1.4260, -7.5704])"
723,NORMAL2-IM-1100-0001.jpeg,0,0,"tensor([ 6.9136, -2.0776, -9.3725])"
724,person101_virus_187.jpeg,1,1,"tensor([-4.2522,  5.3827, -4.7647])"
725,IM-0207-0001.jpeg,0,0,"tensor([ 4.5837, -0.7039, -7.3368])"
726,person810_virus_1445.jpeg,1,1,"tensor([-4.6961,  6.6363, -6.3566])"
727,person348_virus_721.jpeg,1,1,"tensor([-5.7079,  7.4024, -6.8148])"
728,IM-0583-0001.jpeg,0,0,"tensor([ 6.0813, -1.3893, -8.9160])"
729,person155_virus_307.jpeg,1,1,"tensor([-5.3762,  7.7620, -7.7515])"
730,person81_bacteria_398.jpeg,1,1,"tensor([-4.7136,  6.5751, -6.7388])"
731,person569_bacteria_2363.jpeg,1,1,"tensor([-3.5620,  5.8137, -6.7852])"
732,person80_bacteria_392.jpeg,1,1,"tensor([-4.6128,  7.1913, -7.9002])"
733,NORMAL2-IM-0472-0001.jpeg,0,0,"tensor([  7.8210,  -1.4124, -12.0124])"
734,00000257_000.png,0,0,"tensor([ 6.0704, -2.8870, -5.1995])"
735,person1155_bacteria_3100.jpeg,1,1,"tensor([-3.7089,  4.3298, -3.5212])"
736,person373_bacteria_1707.jpeg,1,1,"tensor([-1.3494,  3.8415, -5.9851])"
737,00000394_000.png,0,0,"tensor([ 2.5132, -3.1127, -0.0694])"
738,00000300_000.png,0,0,"tensor([ 5.3118,  0.2002, -9.3865])"
739,CR.1.2.840.113564.1722810170.20200325010134750210.1003000225002.png,2,1,"tensor([-2.9009,  2.5043, -0.9558])"
740,person109_bacteria_526.jpeg,1,1,"tensor([-10.2637,   8.7616,  -3.5408])"
741,person816_bacteria_2727.jpeg,1,1,"tensor([ -4.0685,   8.9672, -10.5172])"
742,person508_virus_1021.jpeg,1,1,"tensor([-5.0221,  5.5476, -5.1056])"
743,person492_bacteria_2084.jpeg,1,1,"tensor([-7.1178,  7.4807, -4.9679])"
744,person1415_virus_2425.jpeg,1,1,"tensor([-1.9969,  3.0500, -3.7876])"
745,person175_bacteria_834.jpeg,1,1,"tensor([-4.6456,  7.5304, -7.8913])"
746,person1372_bacteria_3503.jpeg,1,1,"tensor([-1.7105,  5.9962, -8.9160])"
747,person1465_virus_2531.jpeg,1,1,"tensor([-3.3967,  5.8498, -6.5017])"
748,IM-0280-0001.jpeg,0,0,"tensor([ 4.7966, -0.3549, -8.4862])"
749,person543_virus_1073.jpeg,1,1,"tensor([-2.8776,  5.7431, -7.4872])"
750,person806_virus_1439.jpeg,1,1,"tensor([-2.4792,  4.9857, -6.0929])"
751,NORMAL2-IM-0555-0001-0002.jpeg,0,0,"tensor([ 4.4296, -0.7606, -7.3473])"
752,person1145_virus_1902.jpeg,1,1,"tensor([-4.9753,  7.9907, -8.1609])"
753,person1296_virus_2224.jpeg,1,1,"tensor([-1.8323,  5.6343, -8.1955])"
754,IM-0487-0001.jpeg,0,0,"tensor([ 7.7847, -3.1971, -8.4963])"
755,person1419_bacteria_3645.jpeg,1,1,"tensor([-3.2274,  5.0098, -5.3989])"
756,person739_virus_1361.jpeg,1,1,"tensor([-1.8646,  5.2285, -7.5085])"
757,person1429_bacteria_3691.jpeg,1,1,"tensor([-3.8374,  3.6447, -3.0323])"
758,NORMAL2-IM-1332-0001.jpeg,0,0,"tensor([  9.9723,  -3.6115, -11.6820])"
759,person677_bacteria_2571.jpeg,1,1,"tensor([-4.8914,  7.1436, -7.2476])"
760,CR.1.2.840.113564.1722810170.20200317104341875470.1003000225002.png,2,2,"tensor([-0.1984, -3.0071,  3.6769])"
761,person133_bacteria_635.jpeg,1,1,"tensor([-4.9206,  7.8487, -8.0160])"
762,person888_bacteria_2812.jpeg,1,1,"tensor([-4.7826,  7.3271, -7.8587])"
763,person1471_virus_2549.jpeg,1,1,"tensor([-5.0581,  5.2249, -4.0912])"
764,person600_bacteria_2458.jpeg,1,1,"tensor([-4.3366,  7.3020, -8.8763])"
765,person973_virus_1647.jpeg,1,1,"tensor([-4.0856,  6.6735, -7.3668])"
766,IM-0514-0001.jpeg,0,0,"tensor([ 4.8349,  0.2903, -9.4455])"
767,NORMAL2-IM-0869-0001.jpeg,0,0,"tensor([ 6.5051, -1.8240, -8.3702])"
768,person1177_virus_2002.jpeg,1,1,"tensor([-3.4618,  3.8354, -3.4733])"
769,person299_bacteria_1418.jpeg,1,1,"tensor([-3.6404,  6.6204, -7.7894])"
770,person716_virus_1314.jpeg,1,1,"tensor([-3.6674,  4.9979, -5.3586])"
771,person459_virus_947.jpeg,1,1,"tensor([-2.5817,  4.7332, -6.1189])"
772,00000279_000.png,0,0,"tensor([  6.2140,   0.3325, -11.1195])"
773,person1056_virus_1755.jpeg,1,1,"tensor([-2.5679,  5.7378, -6.8922])"
774,person298_bacteria_1410.jpeg,1,1,"tensor([-4.2637,  5.7000, -5.4093])"
775,person1496_bacteria_3909.jpeg,1,1,"tensor([-2.3345,  4.4119, -5.8958])"
776,00000295_000.png,0,0,"tensor([ 4.3416, -0.5392, -6.8293])"
777,person280_bacteria_1321.jpeg,1,1,"tensor([-6.4345, 10.2909, -9.8863])"
778,00000413_000.png,0,0,"tensor([ 4.7269, -2.7507, -3.1745])"
779,person503_bacteria_2126.jpeg,1,2,"tensor([-18.8424,   5.5030,  11.0084])"
780,person525_bacteria_2217.jpeg,1,1,"tensor([-3.5278,  6.3251, -7.6956])"
781,person1192_bacteria_3141.jpeg,1,1,"tensor([-1.8573,  4.1591, -5.2411])"
782,NORMAL2-IM-1094-0001-0001.jpeg,0,0,"tensor([  8.4445,  -2.8219, -10.1999])"
783,person1455_virus_2489.jpeg,1,1,"tensor([-6.1335,  8.9125, -8.9104])"
784,person569_bacteria_2362.jpeg,1,1,"tensor([-1.0977,  3.7485, -6.8545])"
785,person420_bacteria_1850.jpeg,1,1,"tensor([-4.3313,  5.4588, -5.3229])"
786,IM-0499-0001-0001.jpeg,0,0,"tensor([ 4.0064,  0.8160, -9.0763])"
787,person1328_virus_2294.jpeg,1,1,"tensor([-5.5657,  5.7057, -3.9306])"
788,person1303_bacteria_3267.jpeg,1,1,"tensor([-3.4548,  4.4327, -4.6436])"
789,person809_bacteria_2717.jpeg,1,1,"tensor([-4.0669,  5.8961, -5.5249])"
790,person489_bacteria_2067.jpeg,1,1,"tensor([-1.0014,  5.1062, -7.8639])"
791,person394_virus_786.jpeg,1,1,"tensor([-6.6213,  7.4072, -5.2451])"
792,NORMAL2-IM-0912-0001.jpeg,0,0,"tensor([  8.8237,  -2.6732, -11.1524])"
793,person671_bacteria_2564.jpeg,1,1,"tensor([-5.3255,  8.2818, -8.7407])"
794,person433_bacteria_1874.jpeg,1,1,"tensor([-2.8023,  5.2694, -6.5193])"
795,person383_bacteria_1749.jpeg,1,1,"tensor([-5.3964,  8.3035, -8.2965])"
796,IM-0279-0001.jpeg,0,1,"tensor([ 1.7565,  2.7016, -8.3851])"
797,person158_bacteria_745.jpeg,1,1,"tensor([-0.9844,  5.2751, -8.4770])"
798,person58_bacteria_277.jpeg,1,1,"tensor([-2.4885,  5.9434, -7.3774])"
799,NORMAL2-IM-0428-0001.jpeg,0,0,"tensor([ 4.7999, -0.6028, -7.8295])"
800,CR.1.2.840.113564.192168196.2020031913094890017.1203801020003.png,2,2,"tensor([-12.0278,  -1.1781,  13.2983])"
801,person1454_bacteria_3781.jpeg,1,1,"tensor([-3.1124,  5.3519, -7.3195])"
802,person934_virus_1595.jpeg,1,1,"tensor([-4.3135,  6.5041, -7.8698])"
803,NORMAL2-IM-1282-0001.jpeg,0,0,"tensor([ 6.9635, -2.5201, -8.4001])"
804,person1193_virus_2034.jpeg,1,1,"tensor([-3.1416,  5.3389, -6.3307])"
805,NORMAL2-IM-0619-0001.jpeg,0,0,"tensor([ 7.3236, -2.5297, -9.0379])"
806,person1097_bacteria_3038.jpeg,1,1,"tensor([-4.7366,  6.8224, -7.0540])"
807,covid-19-pneumonia-rapidly-progressive-admission.jpg,2,2,"tensor([-3.1185, -1.9769,  5.1047])"
808,person455_bacteria_1947.jpeg,1,1,"tensor([-2.4923,  5.5292, -7.5450])"
809,person161_bacteria_757.jpeg,1,1,"tensor([-3.5556,  5.8085, -6.8341])"
810,IM-0523-0001-0003.jpeg,0,0,"tensor([ 5.2574, -0.7113, -8.3822])"
811,person1493_bacteria_3896.jpeg,1,1,"tensor([-3.9294,  6.2963, -7.2242])"
812,person49_virus_101.jpeg,1,1,"tensor([-4.0284,  4.3654, -3.4895])"
813,person449_bacteria_1939.jpeg,1,1,"tensor([-2.7815,  4.1877, -5.6795])"
814,person1182_virus_2017.jpeg,1,1,"tensor([ 1.8982,  2.7837, -8.5047])"
815,person1266_virus_2158.jpeg,1,1,"tensor([ 0.0932,  4.1778, -9.1778])"
816,IM-0180-0001.jpeg,0,0,"tensor([ 2.8202,  0.7550, -6.8498])"
817,person608_bacteria_2473.jpeg,1,1,"tensor([-6.2182,  6.8761, -4.5525])"
818,E1724330-1866-4581-8CD8-CEC9B8AFEDDE.jpeg,2,2,"tensor([-3.2561, -3.0465,  6.5553])"
819,person502_bacteria_2123.jpeg,1,1,"tensor([-2.4425,  6.4933, -8.6336])"
820,person891_virus_1541.jpeg,1,1,"tensor([-4.2306,  7.9080, -8.7547])"
821,person502_virus_1012.jpeg,1,1,"tensor([ 0.4338,  3.6182, -7.7469])"
822,person100_bacteria_481.jpeg,1,1,"tensor([-6.9041,  9.0446, -8.0431])"
823,NORMAL2-IM-0478-0001.jpeg,0,0,"tensor([ 5.6074, -1.2942, -8.4714])"
824,person419_bacteria_1844.jpeg,1,1,"tensor([-3.5959,  6.5003, -7.3745])"
